Channel:,Lum
Means:,328.6558
Note: Peaks measured from 20% upward
Peaks:,156
PeaksLevels:,841
0, 0
1, 3178
2, 9180
3, 15454
4, 26968
5, 42013
6, 59302
7, 72634
8, 79829
9, 82202
10, 77285
11, 68039
12, 58018
13, 48051
14, 40125
15, 33042
16, 25870
17, 20801
18, 16817
19, 13687
20, 11255
21, 9077
22, 7605
23, 6293
24, 5185
25, 4275
26, 3599
27, 3056
28, 2560
29, 2167
30, 1976
31, 1811
32, 1598
33, 1432
34, 1320
35, 1230
36, 1098
37, 1040
38, 975
39, 930
40, 906
41, 856
42, 877
43, 791
44, 732
45, 800
46, 834
47, 725
48, 662
49, 679
50, 683
51, 628
52, 655
53, 647
54, 610
55, 634
56, 584
57, 612
58, 613
59, 608
60, 617
61, 573
62, 594
63, 559
64, 607
65, 596
66, 598
67, 520
68, 546
69, 522
70, 514
71, 555
72, 518
73, 503
74, 584
75, 514
76, 526
77, 495
78, 488
79, 490
80, 525
81, 486
82, 474
83, 512
84, 504
85, 465
86, 483
87, 455
88, 451
89, 480
90, 479
91, 474
92, 450
93, 455
94, 452
95, 491
96, 457
97, 419
98, 459
99, 456
100, 430
101, 417
102, 440
103, 437
104, 422
105, 422
106, 403
107, 398
108, 424
109, 403
110, 440
111, 417
112, 379
113, 425
114, 366
115, 369
116, 391
117, 428
118, 396
119, 388
120, 371
121, 398
122, 360
123, 398
124, 342
125, 361
126, 366
127, 363
128, 409
129, 369
130, 358
131, 351
132, 373
133, 339
134, 391
135, 387
136, 385
137, 379
138, 399
139, 369
140, 344
141, 346
142, 387
143, 372
144, 340
145, 343
146, 339
147, 355
148, 341
149, 316
150, 367
151, 357
152, 345
153, 335
154, 311
155, 303
156, 334
157, 326
158, 373
159, 357
160, 319
161, 353
162, 333
163, 334
164, 286
165, 300
166, 347
167, 330
168, 314
169, 320
170, 317
171, 292
172, 305
173, 311
174, 340
175, 330
176, 300
177, 288
178, 299
179, 293
180, 354
181, 308
182, 313
183, 300
184, 310
185, 315
186, 312
187, 300
188, 287
189, 274
190, 314
191, 309
192, 274
193, 293
194, 330
195, 298
196, 311
197, 305
198, 326
199, 314
200, 279
201, 278
202, 293
203, 277
204, 302
205, 273
206, 267
207, 301
208, 288
209, 279
210, 304
211, 287
212, 299
213, 275
214, 263
215, 273
216, 296
217, 271
218, 274
219, 277
220, 290
221, 291
222, 291
223, 279
224, 257
225, 248
226, 265
227, 289
228, 272
229, 247
230, 278
231, 278
232, 280
233, 298
234, 289
235, 273
236, 258
237, 253
238, 258
239, 274
240, 250
241, 295
242, 293
243, 280
244, 250
245, 287
246, 280
247, 279
248, 249
249, 270
250, 288
251, 272
252, 252
253, 259
254, 243
255, 266
256, 279
257, 268
258, 270
259, 257
260, 256
261, 248
262, 248
263, 257
264, 264
265, 290
266, 262
267, 270
268, 244
269, 233
270, 268
271, 260
272, 274
273, 259
274, 273
275, 256
276, 268
277, 240
278, 232
279, 252
280, 272
281, 251
282, 277
283, 266
284, 231
285, 232
286, 240
287, 243
288, 247
289, 248
290, 233
291, 243
292, 259
293, 230
294, 208
295, 240
296, 224
297, 211
298, 239
299, 246
300, 218
301, 247
302, 246
303, 238
304, 266
305, 245
306, 224
307, 254
308, 248
309, 231
310, 222
311, 238
312, 240
313, 222
314, 216
315, 258
316, 227
317, 214
318, 246
319, 248
320, 254
321, 226
322, 239
323, 238
324, 232
325, 249
326, 250
327, 251
328, 234
329, 237
330, 215
331, 270
332, 201
333, 219
334, 216
335, 236
336, 192
337, 234
338, 220
339, 206
340, 241
341, 230
342, 247
343, 239
344, 214
345, 215
346, 222
347, 230
348, 191
349, 235
350, 229
351, 221
352, 217
353, 219
354, 224
355, 253
356, 197
357, 216
358, 233
359, 203
360, 209
361, 203
362, 229
363, 218
364, 203
365, 206
366, 214
367, 207
368, 186
369, 213
370, 213
371, 228
372, 191
373, 219
374, 224
375, 231
376, 221
377, 204
378, 208
379, 229
380, 199
381, 198
382, 240
383, 214
384, 176
385, 195
386, 211
387, 208
388, 237
389, 210
390, 213
391, 190
392, 205
393, 227
394, 197
395, 216
396, 192
397, 209
398, 208
399, 211
400, 195
401, 204
402, 239
403, 182
404, 243
405, 211
406, 195
407, 200
408, 199
409, 210
410, 216
411, 199
412, 218
413, 194
414, 225
415, 183
416, 204
417, 176
418, 200
419, 203
420, 175
421, 171
422, 198
423, 198
424, 183
425, 190
426, 186
427, 169
428, 190
429, 204
430, 182
431, 202
432, 181
433, 192
434, 179
435, 224
436, 174
437, 205
438, 203
439, 215
440, 184
441, 190
442, 191
443, 204
444, 201
445, 203
446, 204
447, 187
448, 177
449, 180
450, 179
451, 174
452, 190
453, 180
454, 207
455, 168
456, 180
457, 205
458, 168
459, 186
460, 190
461, 194
462, 194
463, 189
464, 185
465, 157
466, 186
467, 199
468, 194
469, 193
470, 187
471, 181
472, 153
473, 184
474, 165
475, 162
476, 177
477, 176
478, 177
479, 164
480, 201
481, 196
482, 172
483, 158
484, 169
485, 182
486, 179
487, 179
488, 145
489, 206
490, 181
491, 175
492, 177
493, 176
494, 190
495, 174
496, 175
497, 160
498, 191
499, 151
500, 164
501, 184
502, 176
503, 189
504, 182
505, 169
506, 185
507, 185
508, 195
509, 168
510, 163
511, 190
512, 182
513, 208
514, 175
515, 172
516, 186
517, 201
518, 150
519, 162
520, 174
521, 175
522, 195
523, 168
524, 179
525, 154
526, 150
527, 151
528, 183
529, 189
530, 188
531, 170
532, 156
533, 180
534, 175
535, 176
536, 176
537, 174
538, 172
539, 173
540, 171
541, 148
542, 146
543, 167
544, 158
545, 157
546, 157
547, 159
548, 124
549, 142
550, 160
551, 180
552, 172
553, 181
554, 154
555, 164
556, 146
557, 165
558, 166
559, 162
560, 162
561, 156
562, 172
563, 144
564, 176
565, 154
566, 147
567, 160
568, 178
569, 183
570, 129
571, 164
572, 146
573, 169
574, 153
575, 172
576, 145
577, 179
578, 172
579, 159
580, 171
581, 166
582, 181
583, 177
584, 141
585, 164
586, 142
587, 158
588, 170
589, 157
590, 166
591, 162
592, 159
593, 158
594, 157
595, 155
596, 168
597, 154
598, 150
599, 140
600, 143
601, 161
602, 142
603, 152
604, 167
605, 147
606, 143
607, 131
608, 142
609, 180
610, 146
611, 139
612, 186
613, 160
614, 141
615, 158
616, 134
617, 152
618, 156
619, 158
620, 136
621, 154
622, 165
623, 174
624, 172
625, 122
626, 158
627, 153
628, 153
629, 147
630, 158
631, 170
632, 135
633, 184
634, 159
635, 156
636, 137
637, 161
638, 138
639, 137
640, 144
641, 148
642, 148
643, 164
644, 137
645, 154
646, 153
647, 160
648, 156
649, 175
650, 141
651, 160
652, 138
653, 159
654, 153
655, 147
656, 140
657, 149
658, 172
659, 157
660, 152
661, 131
662, 153
663, 156
664, 146
665, 148
666, 148
667, 149
668, 102
669, 157
670, 119
671, 131
672, 149
673, 148
674, 135
675, 149
676, 145
677, 136
678, 132
679, 140
680, 148
681, 171
682, 136
683, 125
684, 122
685, 145
686, 123
687, 152
688, 144
689, 172
690, 140
691, 139
692, 130
693, 136
694, 156
695, 140
696, 144
697, 155
698, 147
699, 151
700, 127
701, 140
702, 151
703, 138
704, 120
705, 153
706, 142
707, 141
708, 123
709, 144
710, 154
711, 130
712, 141
713, 135
714, 133
715, 126
716, 127
717, 121
718, 132
719, 140
720, 133
721, 163
722, 135
723, 137
724, 145
725, 157
726, 111
727, 145
728, 126
729, 129
730, 127
731, 135
732, 136
733, 139
734, 122
735, 134
736, 148
737, 119
738, 142
739, 135
740, 139
741, 134
742, 140
743, 125
744, 147
745, 131
746, 131
747, 130
748, 119
749, 134
750, 146
751, 127
752, 139
753, 131
754, 131
755, 135
756, 122
757, 128
758, 133
759, 156
760, 132
761, 122
762, 128
763, 136
764, 130
765, 151
766, 147
767, 151
768, 136
769, 141
770, 132
771, 112
772, 134
773, 129
774, 133
775, 139
776, 113
777, 147
778, 122
779, 131
780, 140
781, 137
782, 125
783, 157
784, 145
785, 135
786, 119
787, 126
788, 117
789, 142
790, 126
791, 149
792, 131
793, 149
794, 121
795, 138
796, 122
797, 116
798, 123
799, 117
800, 117
801, 136
802, 132
803, 126
804, 110
805, 124
806, 108
807, 111
808, 114
809, 126
810, 91
811, 122
812, 101
813, 127
814, 121
815, 112
816, 136
817, 134
818, 126
819, 131
820, 124
821, 123
822, 132
823, 120
824, 134
825, 131
826, 116
827, 117
828, 128
829, 122
830, 134
831, 128
832, 124
833, 114
834, 140
835, 127
836, 124
837, 130
838, 117
839, 135
840, 117
841, 156
842, 117
843, 122
844, 106
845, 119
846, 118
847, 123
848, 138
849, 123
850, 120
851, 98
852, 130
853, 127
854, 126
855, 130
856, 132
857, 131
858, 113
859, 105
860, 143
861, 129
862, 130
863, 117
864, 128
865, 117
866, 135
867, 119
868, 112
869, 118
870, 111
871, 120
872, 113
873, 125
874, 124
875, 108
876, 109
877, 128
878, 138
879, 136
880, 125
881, 105
882, 126
883, 109
884, 136
885, 119
886, 106
887, 121
888, 118
889, 113
890, 134
891, 126
892, 94
893, 114
894, 117
895, 107
896, 124
897, 119
898, 137
899, 121
900, 118
901, 133
902, 125
903, 107
904, 104
905, 132
906, 111
907, 139
908, 109
909, 112
910, 115
911, 144
912, 113
913, 121
914, 115
915, 101
916, 154
917, 116
918, 102
919, 111
920, 113
921, 119
922, 125
923, 108
924, 111
925, 114
926, 126
927, 114
928, 115
929, 117
930, 129
931, 126
932, 134
933, 111
934, 134
935, 127
936, 112
937, 109
938, 115
939, 123
940, 94
941, 97
942, 100
943, 113
944, 105
945, 97
946, 113
947, 120
948, 107
949, 118
950, 113
951, 108
952, 107
953, 127
954, 123
955, 114
956, 121
957, 115
958, 106
959, 129
960, 102
961, 108
962, 109
963, 96
964, 117
965, 118
966, 113
967, 108
968, 119
969, 116
970, 103
971, 114
972, 121
973, 114
974, 112
975, 105
976, 102
977, 115
978, 98
979, 107
980, 100
981, 115
982, 115
983, 116
984, 110
985, 119
986, 114
987, 113
988, 120
989, 119
990, 107
991, 107
992, 115
993, 94
994, 114
995, 108
996, 102
997, 115
998, 110
999, 95
1000, 93
1001, 110
1002, 118
1003, 102
1004, 95
1005, 119
1006, 105
1007, 104
1008, 121
1009, 108
1010, 116
1011, 94
1012, 111
1013, 107
1014, 98
1015, 112
1016, 109
1017, 117
1018, 115
1019, 128
1020, 111
1021, 112
1022, 117
1023, 96
1024, 124
1025, 90
1026, 110
1027, 128
1028, 106
1029, 98
1030, 103
1031, 117
1032, 99
1033, 110
1034, 112
1035, 91
1036, 115
1037, 123
1038, 109
1039, 112
1040, 97
1041, 107
1042, 110
1043, 103
1044, 105
1045, 108
1046, 102
1047, 92
1048, 87
1049, 106
1050, 111
1051, 101
1052, 96
1053, 135
1054, 104
1055, 89
1056, 105
1057, 107
1058, 83
1059, 108
1060, 105
1061, 96
1062, 120
1063, 104
1064, 97
1065, 107
1066, 102
1067, 99
1068, 100
1069, 109
1070, 107
1071, 105
1072, 98
1073, 93
1074, 101
1075, 102
1076, 108
1077, 113
1078, 100
1079, 95
1080, 97
1081, 128
1082, 106
1083, 84
1084, 97
1085, 104
1086, 117
1087, 97
1088, 106
1089, 107
1090, 98
1091, 101
1092, 99
1093, 104
1094, 102
1095, 96
1096, 98
1097, 109
1098, 127
1099, 108
1100, 113
1101, 101
1102, 107
1103, 122
1104, 92
1105, 98
1106, 94
1107, 105
1108, 87
1109, 107
1110, 84
1111, 110
1112, 97
1113, 112
1114, 124
1115, 101
1116, 105
1117, 91
1118, 91
1119, 105
1120, 103
1121, 99
1122, 93
1123, 103
1124, 97
1125, 99
1126, 109
1127, 90
1128, 87
1129, 96
1130, 81
1131, 110
1132, 94
1133, 86
1134, 97
1135, 93
1136, 92
1137, 102
1138, 93
1139, 93
1140, 92
1141, 92
1142, 93
1143, 92
1144, 96
1145, 97
1146, 85
1147, 116
1148, 90
1149, 98
1150, 114
1151, 93
1152, 101
1153, 93
1154, 94
1155, 112
1156, 95
1157, 98
1158, 87
1159, 96
1160, 77
1161, 117
1162, 87
1163, 89
1164, 94
1165, 89
1166, 92
1167, 102
1168, 84
1169, 99
1170, 107
1171, 102
1172, 101
1173, 96
1174, 100
1175, 89
1176, 100
1177, 101
1178, 101
1179, 105
1180, 88
1181, 89
1182, 96
1183, 102
1184, 98
1185, 90
1186, 112
1187, 100
1188, 99
1189, 79
1190, 91
1191, 89
1192, 100
1193, 92
1194, 101
1195, 81
1196, 88
1197, 84
1198, 103
1199, 106
1200, 91
1201, 101
1202, 97
1203, 105
1204, 89
1205, 91
1206, 90
1207, 89
1208, 103
1209, 76
1210, 89
1211, 97
1212, 99
1213, 76
1214, 84
1215, 101
1216, 76
1217, 92
1218, 92
1219, 73
1220, 98
1221, 91
1222, 93
1223, 92
1224, 75
1225, 109
1226, 96
1227, 98
1228, 78
1229, 103
1230, 100
1231, 97
1232, 87
1233, 79
1234, 106
1235, 83
1236, 89
1237, 88
1238, 94
1239, 91
1240, 84
1241, 105
1242, 92
1243, 84
1244, 93
1245, 87
1246, 94
1247, 81
1248, 100
1249, 86
1250, 90
1251, 83
1252, 100
1253, 99
1254, 76
1255, 87
1256, 103
1257, 87
1258, 78
1259, 91
1260, 83
1261, 98
1262, 102
1263, 88
1264, 86
1265, 86
1266, 88
1267, 84
1268, 108
1269, 92
1270, 98
1271, 92
1272, 85
1273, 102
1274, 101
1275, 87
1276, 93
1277, 83
1278, 88
1279, 105
1280, 90
1281, 94
1282, 86
1283, 88
1284, 75
1285, 90
1286, 104
1287, 84
1288, 77
1289, 81
1290, 80
1291, 92
1292, 99
1293, 90
1294, 99
1295, 96
1296, 72
1297, 89
1298, 89
1299, 82
1300, 88
1301, 95
1302, 85
1303, 114
1304, 92
1305, 83
1306, 96
1307, 82
1308, 96
1309, 102
1310, 91
1311, 79
1312, 92
1313, 69
1314, 90
1315, 85
1316, 67
1317, 92
1318, 74
1319, 82
1320, 81
1321, 78
1322, 75
1323, 89
1324, 92
1325, 78
1326, 84
1327, 84
1328, 83
1329, 83
1330, 100
1331, 96
1332, 98
1333, 81
1334, 101
1335, 96
1336, 85
1337, 99
1338, 80
1339, 94
1340, 95
1341, 81
1342, 83
1343, 102
1344, 77
1345, 107
1346, 82
1347, 95
1348, 78
1349, 86
1350, 82
1351, 92
1352, 85
1353, 85
1354, 82
1355, 83
1356, 102
1357, 102
1358, 91
1359, 87
1360, 80
1361, 92
1362, 90
1363, 108
1364, 96
1365, 73
1366, 93
1367, 85
1368, 82
1369, 88
1370, 90
1371, 100
1372, 98
1373, 94
1374, 102
1375, 72
1376, 76
1377, 81
1378, 80
1379, 78
1380, 76
1381, 92
1382, 83
1383, 70
1384, 79
1385, 94
1386, 99
1387, 85
1388, 86
1389, 85
1390, 86
1391, 72
1392, 93
1393, 65
1394, 83
1395, 90
1396, 82
1397, 83
1398, 90
1399, 65
1400, 84
1401, 96
1402, 89
1403, 93
1404, 81
1405, 76
1406, 99
1407, 70
1408, 83
1409, 77
1410, 83
1411, 87
1412, 84
1413, 73
1414, 76
1415, 80
1416, 79
1417, 104
1418, 86
1419, 84
1420, 78
1421, 97
1422, 102
1423, 74
1424, 86
1425, 84
1426, 73
1427, 90
1428, 82
1429, 83
1430, 77
1431, 78
1432, 95
1433, 71
1434, 92
1435, 72
1436, 71
1437, 80
1438, 103
1439, 76
1440, 76
1441, 80
1442, 102
1443, 82
1444, 83
1445, 102
1446, 99
1447, 70
1448, 87
1449, 75
1450, 74
1451, 88
1452, 81
1453, 74
1454, 92
1455, 74
1456, 81
1457, 75
1458, 89
1459, 82
1460, 80
1461, 79
1462, 89
1463, 99
1464, 60
1465, 88
1466, 117
1467, 77
1468, 90
1469, 99
1470, 78
1471, 74
1472, 91
1473, 91
1474, 76
1475, 78
1476, 98
1477, 86
1478, 97
1479, 76
1480, 90
1481, 87
1482, 86
1483, 74
1484, 90
1485, 84
1486, 91
1487, 95
1488, 84
1489, 79
1490, 79
1491, 65
1492, 84
1493, 83
1494, 93
1495, 71
1496, 91
1497, 69
1498, 87
1499, 78
1500, 79
1501, 70
1502, 71
1503, 91
1504, 73
1505, 71
1506, 92
1507, 67
1508, 77
1509, 78
1510, 90
1511, 88
1512, 72
1513, 72
1514, 88
1515, 83
1516, 71
1517, 73
1518, 87
1519, 88
1520, 88
1521, 76
1522, 90
1523, 74
1524, 71
1525, 85
1526, 113
1527, 65
1528, 73
1529, 84
1530, 92
1531, 84
1532, 83
1533, 106
1534, 72
1535, 89
1536, 78
1537, 66
1538, 95
1539, 71
1540, 84
1541, 79
1542, 85
1543, 86
1544, 88
1545, 85
1546, 81
1547, 83
1548, 79
1549, 68
1550, 96
1551, 88
1552, 79
1553, 83
1554, 85
1555, 81
1556, 68
1557, 79
1558, 86
1559, 91
1560, 76
1561, 94
1562, 77
1563, 69
1564, 88
1565, 85
1566, 90
1567, 75
1568, 76
1569, 91
1570, 77
1571, 84
1572, 84
1573, 77
1574, 68
1575, 72
1576, 91
1577, 67
1578, 73
1579, 72
1580, 62
1581, 80
1582, 79
1583, 93
1584, 73
1585, 83
1586, 86
1587, 75
1588, 76
1589, 87
1590, 103
1591, 79
1592, 92
1593, 73
1594, 91
1595, 83
1596, 74
1597, 77
1598, 93
1599, 89
1600, 84
1601, 94
1602, 66
1603, 66
1604, 76
1605, 92
1606, 75
1607, 81
1608, 75
1609, 72
1610, 77
1611, 73
1612, 78
1613, 65
1614, 86
1615, 73
1616, 66
1617, 74
1618, 86
1619, 66
1620, 84
1621, 79
1622, 63
1623, 80
1624, 100
1625, 81
1626, 77
1627, 71
1628, 73
1629, 68
1630, 74
1631, 89
1632, 70
1633, 74
1634, 95
1635, 66
1636, 79
1637, 74
1638, 78
1639, 76
1640, 89
1641, 55
1642, 77
1643, 90
1644, 82
1645, 67
1646, 74
1647, 84
1648, 82
1649, 77
1650, 75
1651, 78
1652, 67
1653, 77
1654, 87
1655, 85
1656, 77
1657, 67
1658, 69
1659, 70
1660, 67
1661, 77
1662, 74
1663, 84
1664, 86
1665, 84
1666, 80
1667, 69
1668, 68
1669, 71
1670, 77
1671, 78
1672, 67
1673, 84
1674, 79
1675, 72
1676, 81
1677, 86
1678, 78
1679, 89
1680, 97
1681, 83
1682, 93
1683, 72
1684, 70
1685, 70
1686, 73
1687, 88
1688, 70
1689, 75
1690, 74
1691, 87
1692, 72
1693, 69
1694, 82
1695, 78
1696, 88
1697, 78
1698, 78
1699, 61
1700, 81
1701, 70
1702, 81
1703, 73
1704, 84
1705, 73
1706, 77
1707, 61
1708, 71
1709, 79
1710, 87
1711, 69
1712, 85
1713, 91
1714, 79
1715, 67
1716, 62
1717, 73
1718, 90
1719, 79
1720, 72
1721, 71
1722, 88
1723, 70
1724, 75
1725, 82
1726, 79
1727, 66
1728, 74
1729, 61
1730, 77
1731, 68
1732, 55
1733, 79
1734, 86
1735, 81
1736, 69
1737, 55
1738, 73
1739, 68
1740, 80
1741, 70
1742, 69
1743, 70
1744, 76
1745, 88
1746, 85
1747, 72
1748, 86
1749, 69
1750, 78
1751, 79
1752, 73
1753, 72
1754, 74
1755, 75
1756, 81
1757, 62
1758, 80
1759, 81
1760, 73
1761, 78
1762, 83
1763, 76
1764, 77
1765, 65
1766, 70
1767, 82
1768, 74
1769, 68
1770, 79
1771, 79
1772, 79
1773, 79
1774, 87
1775, 78
1776, 87
1777, 78
1778, 90
1779, 80
1780, 91
1781, 68
1782, 71
1783, 82
1784, 61
1785, 60
1786, 57
1787, 75
1788, 65
1789, 80
1790, 81
1791, 77
1792, 74
1793, 72
1794, 60
1795, 72
1796, 71
1797, 70
1798, 69
1799, 80
1800, 77
1801, 53
1802, 76
1803, 70
1804, 76
1805, 59
1806, 69
1807, 65
1808, 76
1809, 65
1810, 64
1811, 94
1812, 84
1813, 73
1814, 87
1815, 79
1816, 74
1817, 70
1818, 79
1819, 63
1820, 64
1821, 63
1822, 55
1823, 60
1824, 80
1825, 67
1826, 66
1827, 76
1828, 62
1829, 70
1830, 68
1831, 79
1832, 65
1833, 74
1834, 81
1835, 57
1836, 64
1837, 69
1838, 76
1839, 84
1840, 81
1841, 68
1842, 77
1843, 73
1844, 66
1845, 82
1846, 83
1847, 80
1848, 64
1849, 76
1850, 62
1851, 65
1852, 81
1853, 74
1854, 59
1855, 73
1856, 62
1857, 83
1858, 67
1859, 77
1860, 71
1861, 88
1862, 86
1863, 75
1864, 85
1865, 55
1866, 77
1867, 74
1868, 81
1869, 71
1870, 67
1871, 66
1872, 84
1873, 67
1874, 66
1875, 63
1876, 63
1877, 74
1878, 74
1879, 67
1880, 57
1881, 67
1882, 96
1883, 62
1884, 67
1885, 60
1886, 71
1887, 71
1888, 73
1889, 64
1890, 84
1891, 71
1892, 66
1893, 65
1894, 78
1895, 65
1896, 70
1897, 60
1898, 61
1899, 70
1900, 65
1901, 80
1902, 61
1903, 56
1904, 69
1905, 67
1906, 59
1907, 63
1908, 68
1909, 75
1910, 61
1911, 70
1912, 72
1913, 72
1914, 86
1915, 66
1916, 69
1917, 73
1918, 71
1919, 63
1920, 86
1921, 74
1922, 65
1923, 87
1924, 65
1925, 74
1926, 74
1927, 62
1928, 73
1929, 58
1930, 75
1931, 66
1932, 63
1933, 70
1934, 80
1935, 75
1936, 76
1937, 76
1938, 70
1939, 64
1940, 70
1941, 80
1942, 80
1943, 67
1944, 65
1945, 79
1946, 74
1947, 58
1948, 70
1949, 67
1950, 75
1951, 63
1952, 61
1953, 60
1954, 64
1955, 72
1956, 72
1957, 71
1958, 61
1959, 51
1960, 65
1961, 72
1962, 77
1963, 63
1964, 86
1965, 58
1966, 59
1967, 65
1968, 71
1969, 68
1970, 75
1971, 62
1972, 69
1973, 73
1974, 66
1975, 58
1976, 63
1977, 71
1978, 74
1979, 65
1980, 57
1981, 70
1982, 59
1983, 54
1984, 68
1985, 60
1986, 65
1987, 75
1988, 74
1989, 54
1990, 61
1991, 77
1992, 67
1993, 62
1994, 64
1995, 65
1996, 75
1997, 57
1998, 64
1999, 56
2000, 54
2001, 72
2002, 73
2003, 84
2004, 73
2005, 73
2006, 71
2007, 74
2008, 77
2009, 65
2010, 69
2011, 65
2012, 64
2013, 64
2014, 70
2015, 64
2016, 66
2017, 79
2018, 63
2019, 61
2020, 61
2021, 77
2022, 62
2023, 56
2024, 77
2025, 68
2026, 63
2027, 65
2028, 69
2029, 58
2030, 74
2031, 69
2032, 63
2033, 62
2034, 82
2035, 61
2036, 74
2037, 60
2038, 69
2039, 51
2040, 68
2041, 82
2042, 57
2043, 64
2044, 66
2045, 59
2046, 64
2047, 67
2048, 62
2049, 66
2050, 59
2051, 71
2052, 64
2053, 68
2054, 81
2055, 58
2056, 70
2057, 84
2058, 63
2059, 55
2060, 53
2061, 83
2062, 64
2063, 71
2064, 79
2065, 62
2066, 72
2067, 72
2068, 54
2069, 70
2070, 59
2071, 69
2072, 68
2073, 70
2074, 71
2075, 64
2076, 66
2077, 68
2078, 65
2079, 64
2080, 52
2081, 53
2082, 69
2083, 67
2084, 73
2085, 64
2086, 58
2087, 63
2088, 69
2089, 57
2090, 69
2091, 60
2092, 68
2093, 61
2094, 64
2095, 67
2096, 76
2097, 72
2098, 58
2099, 64
2100, 66
2101, 55
2102, 71
2103, 56
2104, 63
2105, 59
2106, 79
2107, 62
2108, 58
2109, 65
2110, 54
2111, 67
2112, 53
2113, 79
2114, 53
2115, 56
2116, 74
2117, 64
2118, 66
2119, 63
2120, 67
2121, 73
2122, 59
2123, 58
2124, 69
2125, 57
2126, 60
2127, 69
2128, 73
2129, 56
2130, 67
2131, 71
2132, 59
2133, 58
2134, 58
2135, 64
2136, 69
2137, 63
2138, 69
2139, 46
2140, 61
2141, 61
2142, 71
2143, 57
2144, 75
2145, 63
2146, 60
2147, 74
2148, 62
2149, 55
2150, 59
2151, 69
2152, 70
2153, 69
2154, 58
2155, 63
2156, 57
2157, 62
2158, 50
2159, 71
2160, 60
2161, 56
2162, 66
2163, 68
2164, 47
2165, 65
2166, 60
2167, 55
2168, 63
2169, 68
2170, 62
2171, 56
2172, 72
2173, 79
2174, 74
2175, 70
2176, 64
2177, 65
2178, 74
2179, 57
2180, 56
2181, 64
2182, 60
2183, 63
2184, 62
2185, 64
2186, 68
2187, 53
2188, 55
2189, 63
2190, 69
2191, 60
2192, 63
2193, 72
2194, 49
2195, 58
2196, 65
2197, 49
2198, 60
2199, 68
2200, 65
2201, 67
2202, 58
2203, 64
2204, 58
2205, 55
2206, 56
2207, 63
2208, 61
2209, 74
2210, 59
2211, 58
2212, 66
2213, 50
2214, 68
2215, 52
2216, 61
2217, 71
2218, 76
2219, 62
2220, 73
2221, 70
2222, 82
2223, 68
2224, 64
2225, 64
2226, 63
2227, 57
2228, 54
2229, 65
2230, 63
2231, 61
2232, 70
2233, 47
2234, 61
2235, 76
2236, 56
2237, 55
2238, 54
2239, 76
2240, 72
2241, 75
2242, 68
2243, 49
2244, 60
2245, 65
2246, 70
2247, 66
2248, 60
2249, 61
2250, 82
2251, 61
2252, 48
2253, 82
2254, 67
2255, 56
2256, 66
2257, 72
2258, 56
2259, 67
2260, 69
2261, 63
2262, 61
2263, 57
2264, 61
2265, 65
2266, 43
2267, 67
2268, 67
2269, 57
2270, 63
2271, 56
2272, 52
2273, 52
2274, 62
2275, 56
2276, 51
2277, 53
2278, 61
2279, 56
2280, 53
2281, 57
2282, 64
2283, 62
2284, 70
2285, 59
2286, 71
2287, 67
2288, 53
2289, 75
2290, 54
2291, 69
2292, 69
2293, 66
2294, 67
2295, 49
2296, 61
2297, 63
2298, 68
2299, 58
2300, 51
2301, 47
2302, 63
2303, 63
2304, 65
2305, 62
2306, 83
2307, 69
2308, 63
2309, 55
2310, 70
2311, 54
2312, 67
2313, 64
2314, 66
2315, 66
2316, 56
2317, 62
2318, 49
2319, 54
2320, 51
2321, 61
2322, 64
2323, 53
2324, 51
2325, 59
2326, 66
2327, 66
2328, 69
2329, 47
2330, 68
2331, 73
2332, 69
2333, 63
2334, 59
2335, 47
2336, 55
2337, 52
2338, 53
2339, 52
2340, 53
2341, 70
2342, 66
2343, 53
2344, 64
2345, 75
2346, 61
2347, 58
2348, 57
2349, 54
2350, 60
2351, 58
2352, 55
2353, 64
2354, 50
2355, 66
2356, 56
2357, 55
2358, 53
2359, 51
2360, 56
2361, 71
2362, 60
2363, 67
2364, 76
2365, 61
2366, 63
2367, 66
2368, 67
2369, 65
2370, 71
2371, 70
2372, 62
2373, 61
2374, 68
2375, 48
2376, 53
2377, 72
2378, 59
2379, 64
2380, 44
2381, 53
2382, 58
2383, 64
2384, 65
2385, 59
2386, 61
2387, 50
2388, 65
2389, 58
2390, 49
2391, 60
2392, 61
2393, 57
2394, 66
2395, 64
2396, 72
2397, 53
2398, 66
2399, 71
2400, 61
2401, 50
2402, 61
2403, 65
2404, 54
2405, 48
2406, 63
2407, 56
2408, 68
2409, 63
2410, 48
2411, 58
2412, 57
2413, 70
2414, 64
2415, 52
2416, 44
2417, 68
2418, 63
2419, 64
2420, 69
2421, 69
2422, 56
2423, 45
2424, 39
2425, 52
2426, 50
2427, 61
2428, 61
2429, 64
2430, 58
2431, 51
2432, 59
2433, 43
2434, 59
2435, 66
2436, 56
2437, 62
2438, 65
2439, 48
2440, 55
2441, 49
2442, 61
2443, 62
2444, 58
2445, 68
2446, 60
2447, 46
2448, 66
2449, 58
2450, 62
2451, 73
2452, 67
2453, 68
2454, 55
2455, 53
2456, 60
2457, 55
2458, 42
2459, 59
2460, 51
2461, 69
2462, 66
2463, 60
2464, 72
2465, 54
2466, 68
2467, 55
2468, 58
2469, 64
2470, 61
2471, 58
2472, 50
2473, 51
2474, 53
2475, 58
2476, 59
2477, 49
2478, 74
2479, 61
2480, 65
2481, 63
2482, 54
2483, 60
2484, 68
2485, 67
2486, 59
2487, 60
2488, 58
2489, 56
2490, 57
2491, 53
2492, 53
2493, 70
2494, 70
2495, 52
2496, 66
2497, 49
2498, 59
2499, 48
2500, 49
2501, 48
2502, 65
2503, 37
2504, 58
2505, 47
2506, 55
2507, 40
2508, 55
2509, 48
2510, 66
2511, 86
2512, 57
2513, 46
2514, 62
2515, 68
2516, 68
2517, 56
2518, 55
2519, 34
2520, 83
2521, 53
2522, 58
2523, 59
2524, 58
2525, 67
2526, 53
2527, 69
2528, 64
2529, 60
2530, 66
2531, 54
2532, 76
2533, 38
2534, 65
2535, 64
2536, 53
2537, 61
2538, 68
2539, 59
2540, 60
2541, 73
2542, 60
2543, 50
2544, 59
2545, 59
2546, 64
2547, 65
2548, 59
2549, 58
2550, 46
2551, 63
2552, 61
2553, 47
2554, 70
2555, 47
2556, 49
2557, 59
2558, 59
2559, 71
2560, 48
2561, 49
2562, 58
2563, 57
2564, 80
2565, 70
2566, 68
2567, 77
2568, 55
2569, 65
2570, 62
2571, 45
2572, 54
2573, 43
2574, 55
2575, 63
2576, 54
2577, 61
2578, 59
2579, 68
2580, 41
2581, 70
2582, 55
2583, 58
2584, 46
2585, 58
2586, 48
2587, 51
2588, 59
2589, 45
2590, 56
2591, 51
2592, 49
2593, 66
2594, 41
2595, 53
2596, 43
2597, 42
2598, 55
2599, 53
2600, 48
2601, 67
2602, 70
2603, 63
2604, 53
2605, 65
2606, 65
2607, 69
2608, 53
2609, 68
2610, 58
2611, 62
2612, 74
2613, 65
2614, 77
2615, 59
2616, 52
2617, 62
2618, 64
2619, 50
2620, 61
2621, 63
2622, 72
2623, 47
2624, 60
2625, 58
2626, 61
2627, 56
2628, 62
2629, 61
2630, 61
2631, 49
2632, 72
2633, 61
2634, 56
2635, 68
2636, 70
2637, 68
2638, 49
2639, 66
2640, 67
2641, 60
2642, 73
2643, 66
2644, 64
2645, 60
2646, 81
2647, 73
2648, 51
2649, 68
2650, 70
2651, 62
2652, 72
2653, 71
2654, 62
2655, 62
2656, 61
2657, 67
2658, 65
2659, 55
2660, 47
2661, 65
2662, 75
2663, 72
2664, 53
2665, 65
2666, 58
2667, 55
2668, 63
2669, 53
2670, 74
2671, 55
2672, 66
2673, 64
2674, 80
2675, 64
2676, 72
2677, 57
2678, 66
2679, 69
2680, 59
2681, 66
2682, 68
2683, 57
2684, 55
2685, 68
2686, 62
2687, 66
2688, 69
2689, 58
2690, 72
2691, 54
2692, 74
2693, 59
2694, 55
2695, 61
2696, 79
2697, 64
2698, 62
2699, 51
2700, 64
2701, 65
2702, 71
2703, 72
2704, 85
2705, 67
2706, 66
2707, 75
2708, 68
2709, 58
2710, 76
2711, 67
2712, 68
2713, 73
2714, 79
2715, 75
2716, 68
2717, 79
2718, 79
2719, 66
2720, 89
2721, 83
2722, 80
2723, 67
2724, 78
2725, 67
2726, 66
2727, 70
2728, 75
2729, 82
2730, 72
2731, 55
2732, 70
2733, 76
2734, 64
2735, 67
2736, 61
2737, 98
2738, 78
2739, 88
2740, 65
2741, 70
2742, 78
2743, 106
2744, 76
2745, 75
2746, 72
2747, 69
2748, 79
2749, 60
2750, 68
2751, 79
2752, 81
2753, 70
2754, 89
2755, 65
2756, 58
2757, 66
2758, 69
2759, 81
2760, 84
2761, 86
2762, 80
2763, 63
2764, 70
2765, 85
2766, 72
2767, 75
2768, 72
2769, 99
2770, 96
2771, 88
2772, 65
2773, 79
2774, 73
2775, 79
2776, 66
2777, 82
2778, 88
2779, 77
2780, 62
2781, 84
2782, 75
2783, 71
2784, 95
2785, 89
2786, 75
2787, 72
2788, 86
2789, 75
2790, 78
2791, 112
2792, 86
2793, 68
2794, 88
2795, 81
2796, 74
2797, 64
2798, 86
2799, 82
2800, 77
2801, 82
2802, 87
2803, 81
2804, 83
2805, 81
2806, 90
2807, 89
2808, 102
2809, 88
2810, 73
2811, 68
2812, 85
2813, 82
2814, 85
2815, 73
2816, 76
2817, 70
2818, 84
2819, 82
2820, 69
2821, 85
2822, 78
2823, 83
2824, 76
2825, 99
2826, 68
2827, 85
2828, 85
2829, 80
2830, 95
2831, 73
2832, 81
2833, 105
2834, 93
2835, 80
2836, 73
2837, 87
2838, 89
2839, 79
2840, 86
2841, 88
2842, 96
2843, 77
2844, 84
2845, 94
2846, 89
2847, 90
2848, 85
2849, 86
2850, 108
2851, 77
2852, 64
2853, 78
2854, 84
2855, 61
2856, 78
2857, 81
2858, 89
2859, 100
2860, 83
2861, 82
2862, 84
2863, 65
2864, 81
2865, 86
2866, 96
2867, 85
2868, 89
2869, 95
2870, 83
2871, 81
2872, 89
2873, 85
2874, 102
2875, 87
2876, 95
2877, 90
2878, 84
2879, 94
2880, 84
2881, 93
2882, 74
2883, 96
2884, 96
2885, 76
2886, 104
2887, 90
2888, 97
2889, 84
2890, 91
2891, 101
2892, 87
2893, 93
2894, 99
2895, 91
2896, 94
2897, 88
2898, 97
2899, 90
2900, 91
2901, 97
2902, 93
2903, 96
2904, 95
2905, 120
2906, 105
2907, 96
2908, 92
2909, 107
2910, 111
2911, 82
2912, 105
2913, 99
2914, 100
2915, 91
2916, 108
2917, 101
2918, 108
2919, 93
2920, 99
2921, 112
2922, 105
2923, 102
2924, 101
2925, 103
2926, 95
2927, 93
2928, 85
2929, 95
2930, 105
2931, 76
2932, 90
2933, 116
2934, 95
2935, 105
2936, 113
2937, 109
2938, 100
2939, 87
2940, 103
2941, 103
2942, 100
2943, 99
2944, 114
2945, 101
2946, 100
2947, 94
2948, 82
2949, 97
2950, 104
2951, 97
2952, 104
2953, 107
2954, 108
2955, 83
2956, 104
2957, 100
2958, 112
2959, 88
2960, 120
2961, 110
2962, 105
2963, 105
2964, 106
2965, 99
2966, 111
2967, 84
2968, 108
2969, 114
2970, 113
2971, 78
2972, 100
2973, 111
2974, 101
2975, 81
2976, 103
2977, 98
2978, 92
2979, 102
2980, 79
2981, 98
2982, 90
2983, 84
2984, 96
2985, 97
2986, 81
2987, 93
2988, 78
2989, 72
2990, 84
2991, 95
2992, 79
2993, 90
2994, 80
2995, 83
2996, 92
2997, 85
2998, 80
2999, 91
3000, 92
3001, 91
3002, 82
3003, 97
3004, 90
3005, 82
3006, 93
3007, 74
3008, 82
3009, 89
3010, 74
3011, 87
3012, 83
3013, 72
3014, 74
3015, 83
3016, 93
3017, 60
3018, 80
3019, 83
3020, 73
3021, 60
3022, 67
3023, 62
3024, 80
3025, 63
3026, 75
3027, 66
3028, 71
3029, 69
3030, 73
3031, 57
3032, 57
3033, 43
3034, 55
3035, 59
3036, 51
3037, 58
3038, 64
3039, 54
3040, 47
3041, 69
3042, 52
3043, 45
3044, 56
3045, 56
3046, 56
3047, 48
3048, 51
3049, 47
3050, 45
3051, 48
3052, 37
3053, 44
3054, 50
3055, 44
3056, 46
3057, 55
3058, 33
3059, 39
3060, 24
3061, 28
3062, 47
3063, 27
3064, 49
3065, 25
3066, 40
3067, 28
3068, 30
3069, 35
3070, 27
3071, 29
3072, 25
3073, 33
3074, 16
3075, 23
3076, 19
3077, 29
3078, 28
3079, 36
3080, 17
3081, 18
3082, 15
3083, 19
3084, 16
3085, 12
3086, 20
3087, 26
3088, 15
3089, 13
3090, 15
3091, 16
3092, 12
3093, 12
3094, 15
3095, 11
3096, 10
3097, 8
3098, 16
3099, 12
3100, 14
3101, 15
3102, 7
3103, 9
3104, 10
3105, 6
3106, 9
3107, 6
3108, 9
3109, 3
3110, 9
3111, 4
3112, 8
3113, 4
3114, 6
3115, 5
3116, 8
3117, 8
3118, 4
3119, 7
3120, 1
3121, 6
3122, 1
3123, 3
3124, 3
3125, 4
3126, 4
3127, 2
3128, 0
3129, 4
3130, 6
3131, 2
3132, 1
3133, 0
3134, 2
3135, 0
3136, 2
3137, 2
3138, 2
3139, 1
3140, 1
3141, 2
3142, 4
3143, 2
3144, 0
3145, 2
3146, 1
3147, 4
3148, 0
3149, 1
3150, 0
3151, 0
3152, 0
3153, 0
3154, 0
3155, 0
3156, 1
3157, 1
3158, 1
3159, 0
3160, 0
3161, 0
3162, 0
3163, 0
3164, 0
3165, 0
3166, 0
3167, 0
3168, 0
3169, 0
3170, 0
3171, 0
3172, 0
3173, 1
3174, 0
3175, 0
3176, 0
3177, 0
3178, 0
3179, 0
3180, 0
3181, 0
3182, 0
3183, 0
3184, 0
3185, 0
3186, 0
3187, 0
3188, 0
3189, 0
3190, 0
3191, 0
3192, 0
3193, 0
3194, 0
3195, 0
3196, 0
3197, 0
3198, 0
3199, 0
3200, 0
3201, 0
3202, 0
3203, 0
3204, 0
3205, 0
3206, 0
3207, 0
3208, 0
3209, 0
3210, 0
3211, 0
3212, 0
3213, 0
3214, 0
3215, 0
3216, 0
3217, 0
3218, 0
3219, 0
3220, 0
3221, 0
3222, 0
3223, 0
3224, 0
3225, 0
3226, 0
3227, 0
3228, 0
3229, 0
3230, 0
3231, 0
3232, 0
3233, 0
3234, 0
3235, 0
3236, 0
3237, 0
3238, 0
3239, 0
3240, 0
3241, 0
3242, 0
3243, 0
3244, 0
3245, 0
3246, 0
3247, 0
3248, 0
3249, 0
3250, 0
3251, 0
3252, 0
3253, 0
3254, 0
3255, 0
3256, 0
3257, 0
3258, 0
3259, 0
3260, 0
3261, 0
3262, 0
3263, 0
3264, 0
3265, 0
3266, 0
3267, 0
3268, 0
3269, 0
3270, 0
3271, 0
3272, 0
3273, 0
3274, 0
3275, 0
3276, 0
3277, 0
3278, 0
3279, 0
3280, 0
3281, 0
3282, 0
3283, 0
3284, 0
3285, 0
3286, 0
3287, 0
3288, 0
3289, 0
3290, 0
3291, 0
3292, 0
3293, 0
3294, 0
3295, 0
3296, 0
3297, 0
3298, 0
3299, 0
3300, 0
3301, 0
3302, 0
3303, 0
3304, 0
3305, 0
3306, 0
3307, 0
3308, 0
3309, 0
3310, 0
3311, 0
3312, 0
3313, 0
3314, 0
3315, 0
3316, 0
3317, 0
3318, 0
3319, 0
3320, 0
3321, 0
3322, 0
3323, 0
3324, 0
3325, 0
3326, 0
3327, 0
3328, 0
3329, 0
3330, 0
3331, 0
3332, 0
3333, 0
3334, 0
3335, 0
3336, 0
3337, 0
3338, 0
3339, 0
3340, 0
3341, 0
3342, 0
3343, 0
3344, 0
3345, 0
3346, 0
3347, 0
3348, 0
3349, 0
3350, 0
3351, 0
3352, 0
3353, 0
3354, 0
3355, 0
3356, 0
3357, 0
3358, 0
3359, 0
3360, 0
3361, 0
3362, 0
3363, 0
3364, 0
3365, 0
3366, 0
3367, 0
3368, 0
3369, 0
3370, 0
3371, 0
3372, 0
3373, 0
3374, 0
3375, 0
3376, 0
3377, 0
3378, 0
3379, 0
3380, 0
3381, 0
3382, 0
3383, 0
3384, 0
3385, 0
3386, 0
3387, 0
3388, 0
3389, 0
3390, 0
3391, 0
3392, 0
3393, 0
3394, 0
3395, 0
3396, 0
3397, 0
3398, 0
3399, 0
3400, 0
3401, 0
3402, 0
3403, 0
3404, 0
3405, 0
3406, 0
3407, 0
3408, 0
3409, 0
3410, 0
3411, 0
3412, 0
3413, 0
3414, 0
3415, 0
3416, 0
3417, 0
3418, 0
3419, 0
3420, 0
3421, 0
3422, 0
3423, 0
3424, 0
3425, 0
3426, 0
3427, 0
3428, 0
3429, 0
3430, 0
3431, 0
3432, 0
3433, 0
3434, 0
3435, 0
3436, 0
3437, 0
3438, 0
3439, 0
3440, 0
3441, 0
3442, 0
3443, 0
3444, 0
3445, 0
3446, 0
3447, 0
3448, 0
3449, 0
3450, 0
3451, 0
3452, 0
3453, 0
3454, 0
3455, 0
3456, 0
3457, 0
3458, 0
3459, 0
3460, 0
3461, 0
3462, 0
3463, 0
3464, 0
3465, 0
3466, 0
3467, 0
3468, 0
3469, 0
3470, 0
3471, 0
3472, 0
3473, 0
3474, 0
3475, 0
3476, 0
3477, 0
3478, 0
3479, 0
3480, 0
3481, 0
3482, 0
3483, 0
3484, 0
3485, 0
3486, 0
3487, 0
3488, 0
3489, 0
3490, 0
3491, 0
3492, 0
3493, 0
3494, 0
3495, 0
3496, 0
3497, 0
3498, 0
3499, 0
3500, 0
3501, 0
3502, 0
3503, 0
3504, 0
3505, 0
3506, 0
3507, 0
3508, 0
3509, 0
3510, 0
3511, 0
3512, 0
3513, 0
3514, 0
3515, 0
3516, 0
3517, 0
3518, 0
3519, 0
3520, 0
3521, 0
3522, 0
3523, 0
3524, 0
3525, 0
3526, 0
3527, 0
3528, 0
3529, 0
3530, 0
3531, 0
3532, 0
3533, 0
3534, 0
3535, 0
3536, 0
3537, 0
3538, 0
3539, 0
3540, 0
3541, 0
3542, 0
3543, 0
3544, 0
3545, 0
3546, 0
3547, 0
3548, 0
3549, 0
3550, 0
3551, 0
3552, 0
3553, 0
3554, 0
3555, 0
3556, 0
3557, 0
3558, 0
3559, 0
3560, 0
3561, 0
3562, 0
3563, 0
3564, 0
3565, 0
3566, 0
3567, 0
3568, 0
3569, 0
3570, 0
3571, 0
3572, 0
3573, 0
3574, 0
3575, 0
3576, 0
3577, 0
3578, 0
3579, 0
3580, 0
3581, 0
3582, 0
3583, 0
3584, 0
3585, 0
3586, 0
3587, 0
3588, 0
3589, 0
3590, 0
3591, 0
3592, 0
3593, 0
3594, 0
3595, 0
3596, 0
3597, 0
3598, 0
3599, 0
3600, 0
3601, 0
3602, 0
3603, 0
3604, 0
3605, 0
3606, 0
3607, 0
3608, 0
3609, 0
3610, 0
3611, 0
3612, 0
3613, 0
3614, 0
3615, 0
3616, 0
3617, 0
3618, 0
3619, 0
3620, 0
3621, 0
3622, 0
3623, 0
3624, 0
3625, 0
3626, 0
3627, 0
3628, 0
3629, 0
3630, 0
3631, 0
3632, 0
3633, 0
3634, 0
3635, 0
3636, 0
3637, 0
3638, 0
3639, 0
3640, 0
3641, 0
3642, 0
3643, 0
3644, 0
3645, 0
3646, 0
3647, 0
3648, 0
3649, 0
3650, 0
3651, 0
3652, 0
3653, 0
3654, 0
3655, 0
3656, 0
3657, 0
3658, 0
3659, 0
3660, 0
3661, 0
3662, 0
3663, 0
3664, 0
3665, 0
3666, 0
3667, 0
3668, 0
3669, 0
3670, 0
3671, 0
3672, 0
3673, 0
3674, 0
3675, 0
3676, 0
3677, 0
3678, 0
3679, 0
3680, 0
3681, 0
3682, 0
3683, 0
3684, 0
3685, 0
3686, 0
3687, 0
3688, 0
3689, 0
3690, 0
3691, 0
3692, 0
3693, 0
3694, 0
3695, 0
3696, 0
3697, 0
3698, 0
3699, 0
3700, 0
3701, 0
3702, 0
3703, 0
3704, 0
3705, 0
3706, 0
3707, 0
3708, 0
3709, 0
3710, 0
3711, 0
3712, 0
3713, 0
3714, 0
3715, 0
3716, 0
3717, 0
3718, 0
3719, 0
3720, 0
3721, 0
3722, 0
3723, 0
3724, 0
3725, 0
3726, 0
3727, 0
3728, 0
3729, 0
3730, 0
3731, 0
3732, 0
3733, 0
3734, 0
3735, 0
3736, 0
3737, 0
3738, 0
3739, 0
3740, 0
3741, 0
3742, 0
3743, 0
3744, 0
3745, 0
3746, 0
3747, 0
3748, 0
3749, 0
3750, 0
3751, 0
3752, 0
3753, 0
3754, 0
3755, 0
3756, 0
3757, 0
3758, 0
3759, 0
3760, 0
3761, 0
3762, 0
3763, 0
3764, 0
3765, 0
3766, 0
3767, 0
3768, 0
3769, 0
3770, 0
3771, 0
3772, 0
3773, 0
3774, 0
3775, 0
3776, 0
3777, 0
3778, 0
3779, 0
3780, 0
3781, 0
3782, 0
3783, 0
3784, 0
3785, 0
3786, 0
3787, 0
3788, 0
3789, 0
3790, 0
3791, 0
3792, 0
3793, 0
3794, 0
3795, 0
3796, 0
3797, 0
3798, 0
3799, 0
3800, 0
3801, 0
3802, 0
3803, 0
3804, 0
3805, 0
3806, 0
3807, 0
3808, 0
3809, 0
3810, 0
3811, 0
3812, 0
3813, 0
3814, 0
3815, 0
3816, 0
3817, 0
3818, 0
3819, 0
3820, 0
3821, 0
3822, 0
3823, 0
3824, 0
3825, 0
3826, 0
3827, 0
3828, 0
3829, 0
3830, 0
3831, 0
3832, 0
3833, 0
3834, 0
3835, 0
3836, 0
3837, 0
3838, 0
3839, 0
3840, 0
3841, 0
3842, 0
3843, 0
3844, 0
3845, 0
3846, 0
3847, 0
3848, 0
3849, 0
3850, 0
3851, 0
3852, 0
3853, 0
3854, 0
3855, 0
3856, 0
3857, 0
3858, 0
3859, 0
3860, 0
3861, 0
3862, 0
3863, 0
3864, 0
3865, 0
3866, 0
3867, 0
3868, 0
3869, 0
3870, 0
3871, 0
3872, 0
3873, 0
3874, 0
3875, 0
3876, 0
3877, 0
3878, 0
3879, 0
3880, 0
3881, 0
3882, 0
3883, 0
3884, 0
3885, 0
3886, 0
3887, 0
3888, 0
3889, 0
3890, 0
3891, 0
3892, 0
3893, 0
3894, 0
3895, 0
3896, 0
3897, 0
3898, 0
3899, 0
3900, 0
3901, 0
3902, 0
3903, 0
3904, 0
3905, 0
3906, 0
3907, 0
3908, 0
3909, 0
3910, 0
3911, 0
3912, 0
3913, 0
3914, 0
3915, 0
3916, 0
3917, 0
3918, 0
3919, 0
3920, 0
3921, 0
3922, 0
3923, 0
3924, 0
3925, 0
3926, 0
3927, 0
3928, 0
3929, 0
3930, 0
3931, 0
3932, 0
3933, 0
3934, 0
3935, 0
3936, 0
3937, 0
3938, 0
3939, 0
3940, 0
3941, 0
3942, 0
3943, 0
3944, 0
3945, 0
3946, 0
3947, 0
3948, 0
3949, 0
3950, 0
3951, 0
3952, 0
3953, 0
3954, 0
3955, 0
3956, 0
3957, 0
3958, 0
3959, 0
3960, 0
3961, 0
3962, 0
3963, 0
3964, 0
3965, 0
3966, 0
3967, 0
3968, 0
3969, 0
3970, 0
3971, 0
3972, 0
3973, 0
3974, 0
3975, 0
3976, 0
3977, 0
3978, 0
3979, 0
3980, 0
3981, 0
3982, 0
3983, 0
3984, 0
3985, 0
3986, 0
3987, 0
3988, 0
3989, 0
3990, 0
3991, 0
3992, 0
3993, 0
3994, 0
3995, 0
3996, 0
3997, 0
3998, 0
3999, 0
4000, 0
4001, 0
4002, 0
4003, 0
4004, 0
4005, 0
4006, 0
4007, 0
4008, 0
4009, 0
4010, 0
4011, 0
4012, 0
4013, 0
4014, 0
4015, 0
4016, 0
4017, 0
4018, 0
4019, 0
4020, 0
4021, 0
4022, 0
4023, 0
4024, 0
4025, 0
4026, 0
4027, 0
4028, 0
4029, 0
4030, 0
4031, 0
4032, 0
4033, 0
4034, 0
4035, 0
4036, 0
4037, 0
4038, 0
4039, 0
4040, 0
4041, 0
4042, 0
4043, 0
4044, 0
4045, 0
4046, 0
4047, 0
4048, 0
4049, 0
4050, 0
4051, 0
4052, 0
4053, 0
4054, 0
4055, 0
4056, 0
4057, 0
4058, 0
4059, 0
4060, 0
4061, 0
4062, 0
4063, 0
4064, 0
4065, 0
4066, 0
4067, 0
4068, 0
4069, 0
4070, 0
4071, 0
4072, 0
4073, 0
4074, 0
4075, 0
4076, 0
4077, 0
4078, 0
4079, 0
4080, 0
4081, 0
4082, 0
4083, 0
4084, 0
4085, 0
4086, 0
4087, 0
4088, 0
4089, 0
4090, 0
4091, 0
4092, 0
4093, 0
4094, 0
4095, 0
